Top queries,Clicks,Impressions,CTR,Position
bridge bidding practice,751,2526,29.73%,2.4
sayc bidding practice,435,634,68.61%,1
sayc bridge,372,4245,8.76%,4.37
sayc bridge bidding practice,308,474,64.98%,1
sayc,186,14934,1.25%,7.82
practice bridge bidding,153,811,18.87%,2.99
sayc bridge bidding,143,745,19.19%,2.52
bidding practice bridge,132,355,37.18%,2.67
sayc bidding,114,521,21.88%,2.96
bridge bidding practice online free,90,877,10.26%,4.22
sayc bidding system,67,1379,4.86%,5.48
practice bidding bridge hands,66,338,19.53%,5.11
sayc bridge bidding system,58,886,6.55%,5.02
practice bridge bidding online free,53,303,17.49%,4.57
bridge sayc,40,854,4.68%,6.11
practice bidding in bridge,25,111,22.52%,2.94
sayc in bridge,14,786,1.78%,5.94
bridge bidding practice online,13,72,18.06%,2.28
saycbridge,13,17,76.47%,1
standard american yellow card,11,631,1.74%,9.27
standard american yellow card bridge,11,177,6.21%,5.89
bridge yellow card,8,178,4.49%,6.97
bridge bidding,7,828,0.85%,16.12
bridge bidding app,6,195,3.08%,7.85
standard bidding with sayc,6,148,4.05%,9.19
bridge bidding practice app,5,195,2.56%,7.71
sayc bridge system,5,106,4.72%,5.41
bridge practice bidding,5,8,62.5%,2.25
sayc bridge bidding cheat sheet,4,132,3.03%,11.59
bridge hands to practice bidding,4,121,3.31%,6.79
standard american bridge convention card,4,104,3.85%,11.5
sayc bridge cheat sheet,4,38,10.53%,14.47
sayc web,3,2394,0.13%,9.65
practice bridge hands,3,190,1.58%,11.22
bridge practice hands,3,144,2.08%,14.62
standard american yellow card bridge book,3,84,3.57%,9.92
standard american bridge bidding,3,77,3.9%,12.04
what is sayc in bridge,2,556,0.36%,9.43
bridge bidding sayc,2,286,0.7%,2.08
american standard bridge bidding,2,52,3.85%,19.44
bidding practice,2,28,7.14%,2.75
bridge bidding exercises,2,20,10%,3.1
bridge practice,1,431,0.23%,15.62
standard american yellow card (sayc),1,136,0.74%,9.32
sayc convention card,1,53,1.89%,33.79
practice bridge hands for beginners,1,47,2.13%,12.09
sayc system,1,42,2.38%,7.76
bidding exercise,1,38,2.63%,5.71
bridge bidding trainer,1,35,2.86%,2.63
sayc system bridge,1,24,4.17%,10.12
american yellow card bridge,1,19,5.26%,7.58
sayc bidding system pdf,1,17,5.88%,15.18
bidding simulator,1,17,5.88%,43.94
bridge bidding online,1,14,7.14%,3.21
what does sayc mean in bridge,1,12,8.33%,3.83
sayc bridge bidding cheat sheet pdf,1,9,11.11%,14.89
sayc bridge pdf,1,9,11.11%,18.56
bridge american standard bidding system,1,6,16.67%,17.5
free website,1,1,100%,1
which are free,1,1,100%,1
yes,1,1,100%,1
bridge websites,1,1,100%,2
den iparxei,1,1,100%,3
no fear bridge bidding practice hand,1,1,100%,4
bidding bridge,0,507,0%,11.51
learn bridge bidding online,0,367,0%,53.53
bridge bidding system,0,126,0%,36.01
practice bridge,0,110,0%,27.72
standard american bridge,0,107,0%,25.72
bridge scoring,0,92,0%,34.22
american yellow card,0,75,0%,10.2
american standard bridge,0,74,0%,35.88
bridge hands for practice,0,68,0%,14.68
bridge bids,0,68,0%,43.03
contract bridge bidding,0,57,0%,45.02
s a y c,0,54,0%,8.22
bridge bid,0,53,0%,40.98
system of bidding in bridge,0,49,0%,65.18
yellow card bridge,0,45,0%,6.29
scoring bridge,0,40,0%,54.58
free practice bridge hands,0,38,0%,13.76
acol bridge bidding practice,0,38,0%,34.58
sayc for beginners,0,36,0%,8.17
bridge american standard,0,34,0%,40.12
bridgedeals.site,0,32,0%,6.31
bridge to practice,0,32,0%,54.28
what is sayc,0,31,0%,10.42
auction bridge online,0,30,0%,36.23
bridge standard american,0,29,0%,28.14
bridge sayc bidding system,0,26,0%,5.35
standard american bridge conventions,0,25,0%,22.24
bridge score,0,24,0%,35.08
standard american bidding,0,23,0%,22.39
bid decoder,0,22,0%,6.32
bidding system,0,21,0%,35.14
bridge scores,0,21,0%,38.86
score bridge,0,21,0%,52.19
bridge bidding systems,0,21,0%,81.71
bidding in bridge,0,20,0%,38.75
acbl sayc,0,19,0%,10.68
acbl yellow card,0,19,0%,25.11
xyz bridge convention,0,19,0%,51.16
bridge xyz convention,0,19,0%,54.84
standard american yellow card pdf,0,18,0%,27.33
best free practice bridge hands,0,17,0%,8.12
standard american bridge bidding system,0,17,0%,27.12
no fear bridge bidding practice,0,16,0%,34.5
bridge.com,0,16,0%,55.44
simple bidding,0,15,0%,47.47
free practice bridge hands online,0,14,0%,10.79
acbl sayc system booklet,0,14,0%,35.5
standard american bidding system pdf,0,14,0%,37.64
bridge standard american bidding,0,13,0%,17.31
sayc convention card download,0,13,0%,32.23
bidding at bridge,0,13,0%,37.08
xyz bridge,0,13,0%,39.77
scoring for duplicate bridge,0,13,0%,64.38
bidding for bridge,0,12,0%,40
contract bridge online,0,12,0%,52.92
sayç,0,11,0%,7.18
autobider,0,11,0%,22.91
duplicate bridge scoring,0,11,0%,41.45
scoring duplicate bridge,0,11,0%,54.36
bridge sayc system,0,10,0%,6.1
standard bridge,0,10,0%,44.7
play contract bridge online free,0,10,0%,64.2
bid bridge,0,10,0%,72.8
duplicate bridge score calculator,0,10,0%,81.4
contract bridge sites,0,9,0%,45.78
sayc bridge bidding system pdf,0,8,0%,17.12
standard american bidding system,0,8,0%,23.5
bidbridge,0,8,0%,29.88
cj bridge,0,8,0%,31.75
best bridge bidding system,0,8,0%,37.12
bridge bidding examples,0,8,0%,43.62
s.a.y.c,0,7,0%,8.57
sayc cheat sheet,0,7,0%,12.43
american bidding,0,7,0%,20.29
rpbridge,0,7,0%,20.29
american standard bidding system,0,7,0%,23.57
bidding language,0,7,0%,31.29
bridge practice online,0,7,0%,35.29
bridge scoring system,0,7,0%,37.86
competitive bidding bridge,0,7,0%,48.14
bidding systems,0,7,0%,61.57
free contract bridge,0,7,0%,64.29
free bridge hands,0,7,0%,81.43
standard american bridge bidding practice,0,6,0%,2.5
scoring for bridge,0,6,0%,33.67
sayc brydż,0,6,0%,34.67
bridge game scoring,0,6,0%,36.17
contract bridge xyz convention,0,6,0%,36.17
cbridge,0,6,0%,43
bridge calling system,0,6,0%,53.67
system of bidding in contract bridge,0,6,0%,55.33
online contract bridge game,0,6,0%,86.33
slam bidding practice hands,0,5,0%,38.6
xyz convention,0,5,0%,47.4
scoring in bridge duplicate,0,5,0%,50.8
2 over 1 bridge practice hands,0,5,0%,53.4
scoring in bridge,0,4,0%,30.5
competitive bidding in bridge,0,4,0%,35.5
acbl sayc convention card,0,4,0%,37.5
xyz convention in bridge,0,4,0%,53.5
bidding in the 21st century read online,0,4,0%,54
best bridge app android,0,4,0%,62
bridge scorer,0,4,0%,65.5
bridge scoring card,0,4,0%,66.25
bidding system bridge,0,4,0%,66.75
sample bridge hands,0,4,0%,68.25
bridge score calculator,0,4,0%,69
bridge card game,0,3,0%,7.67
bidding bridge system,0,3,0%,10
bidding contest,0,3,0%,17
standard american bridge system,0,3,0%,18.33
sayc booklet,0,3,0%,25.67
free practice bridge hands pdf,0,3,0%,26.33
nyda or sayc,0,3,0%,26.33
standard bidding with sayc pdf,0,3,0%,26.33
synrey bridge,0,3,0%,26.67
bridge notation,0,3,0%,27
free bid bridge,0,3,0%,32.67
free bidding,0,3,0%,33.67
how to score duplicate bridge,0,3,0%,35.67
bridge conventions xyz,0,3,0%,37.67
scoring for bridge card game,0,3,0%,39.67
standard american bridge bidding cheat sheet,0,3,0%,40.33
standard bridge bidding,0,3,0%,42
acbl yellow convention card,0,3,0%,42.67
practice bridge online,0,3,0%,52.67
bridge card game bidding,0,3,0%,54.33
bridge trial bids,0,3,0%,59.33
bridge yellow,0,3,0%,61.33
contract bridge bidding systems,0,3,0%,65
contract bridge bidding system,0,3,0%,65.33
learn how to play bridge app,0,3,0%,74.67
contract bridge scoring,0,3,0%,88
bridgebidpractice.com,0,2,0%,1
card bidding app,0,2,0%,8
standard american,0,2,0%,11
bridge game practice,0,2,0%,19
baker bridge online,0,2,0%,20
saybc,0,2,0%,20
sayc pdf,0,2,0%,25
certain bridge,0,2,0%,27
scoring in bridge for beginners,0,2,0%,27
sef bridge,0,2,0%,28.5
how to score bridge,0,2,0%,29.5
side bidding,0,2,0%,31.5
standard american bidding bridge,0,2,0%,31.5
saybucks,0,2,0%,32
bidding bridge hands,0,2,0%,32.5
auction bridge,0,2,0%,34
cro bridge convention,0,2,0%,35
bidding.com,0,2,0%,35.5
free bid in bridge,0,2,0%,36
bid atc,0,2,0%,37
suction bridge convention,0,2,0%,37
real bridge bidding contest,0,2,0%,37.5
sef bridge bidding system,0,2,0%,38.5
bridge .com,0,2,0%,39
bridge game scoring system,0,2,0%,39.5
xyz in bridge,0,2,0%,41
scoring in bridge card game,0,2,0%,41.5
bidatc,0,2,0%,44.5
bridge bidding quiz,0,2,0%,46
bridge scoring duplicate,0,2,0%,49
learn bridge bidding,0,2,0%,49
bidding in contract bridge,0,2,0%,50
asian bridging,0,2,0%,52
bridge competitive bidding,0,2,0%,52.5
sbridge,0,2,0%,52.5
game bidding,0,2,0%,56.5
bridge scorecards,0,2,0%,61
precision bidding system,0,2,0%,63
advanced bidding,0,2,0%,64
scoring in duplicate bridge,0,2,0%,64
free bidding app,0,2,0%,67
free contract bridge online,0,2,0%,73
2 over 1 in bridge,0,2,0%,76.5
best bridge apps for beginners,0,2,0%,77
just bridge online,0,2,0%,77
free online contract bridge game,0,2,0%,79
bridge duplicate scoring,0,2,0%,84.5
contract bridge free online,0,2,0%,90
biddable bridge,0,1,0%,1
bridge bidding game,0,1,0%,1
bridge bids list,0,1,0%,1
interactive quizzes,0,1,0%,1
sample game,0,1,0%,1
which is free,0,1,0%,1
bridge hands to play,0,1,0%,2
in bridge,0,1,0%,2
more platforms,0,1,0%,2
online sayç,0,1,0%,2
bidding,0,1,0%,3
bidding conventions in bridge,0,1,0%,3
bidding in bridge cheat sheet,0,1,0%,3
bidding system in bridge 4 letters,0,1,0%,3
bridge by neuralplay,0,1,0%,3
free online bridge lessons,0,1,0%,3
bridge rules for beginners,0,1,0%,4
card bidding,0,1,0%,4
no fear bridge bidding practice pdf,0,1,0%,4
graeme tuffnell practice hands,0,1,0%,5
quiz bid,0,1,0%,5
sayc.store,0,1,0%,5
コントラクトブリッジ練習,0,1,0%,5
zzayc,0,1,0%,6
bridgeaction,0,1,0%,7
funbridge,0,1,0%,7
syac card,0,1,0%,7
acbl,0,1,0%,8
say bridge,0,1,0%,8
sayc 1s 1nt 2d 2h 2nt meaning,0,1,0%,8
sayc auction 1s 1nt 2d 2h 2nt meaning,0,1,0%,8
sayc mise,0,1,0%,8
bidding com,0,1,0%,9
free app,0,1,0%,9
free bridge online,0,1,0%,9
constructive bidding,0,1,0%,11
mock bid,0,1,0%,11
acbl standard yellow card,0,1,0%,12
saxbridge,0,1,0%,13
c-bid,0,1,0%,15
sayc extracts,0,1,0%,15
burbidge online,0,1,0%,19
bidding sign,0,1,0%,20
c bid,0,1,0%,24
bids .com,0,1,0%,25
bridge ace,0,1,0%,25
realbridge bidding contest,0,1,0%,25
natca bid,0,1,0%,26
suction bridge,0,1,0%,26
bid natca,0,1,0%,27
seat bidding,0,1,0%,28
bid in bridge,0,1,0%,29
bridgepractice,0,1,0%,29
free bid clerk,0,1,0%,29
pavlicek bridge,0,1,0%,29
the bidding toolkit,0,1,0%,29
what is a free bid in bridge,0,1,0%,29
range ask bridge convention,0,1,0%,30
scoring at bridge,0,1,0%,31
sidc bridge,0,1,0%,32
brozel in bridge,0,1,0%,34
jazzbid,0,1,0%,34
saas bridge,0,1,0%,34
trial bids bridge convention,0,1,0%,34
bridge auction,0,1,0%,35
bridge game bidding,0,1,0%,35
bridge numerics,0,1,0%,35
super precision bridge bidding system,0,1,0%,35
bridge precision bidding,0,1,0%,36
bridgespace github,0,1,0%,36
no fear bridge american standard,0,1,0%,37
sats bridge,0,1,0%,37
namyats bridge,0,1,0%,38
reading bid,0,1,0%,38
namyats,0,1,0%,39
online auction bridge,0,1,0%,42
how to score bridge card game,0,1,0%,43
online contract bridge,0,1,0%,43
duplicate bridge match point scoring,0,1,0%,44
best bridge app,0,1,0%,46
chicago bridge scoring,0,1,0%,46
csbridge,0,1,0%,46
mckendrick bridge,0,1,0%,46
trial bid,0,1,0%,48
bridge statement,0,1,0%,49
bridge2practice,0,1,0%,50
contract bridge online free,0,1,0%,53
play bridge hands for free,0,1,0%,53
bid simulator tool,0,1,0%,54
bidding examples,0,1,0%,54
practice bridge online free,0,1,0%,55
play contract bridge free online,0,1,0%,56
sccbridge,0,1,0%,57
bridge apps free,0,1,0%,61
bridge hands online,0,1,0%,61
free bridge app,0,1,0%,61
bridge bidding strategy,0,1,0%,63
contract bridge software,0,1,0%,63
best contract bridge software,0,1,0%,65
bridge hands for beginners,0,1,0%,68
bridge scoring table,0,1,0%,69
online contract bridge free,0,1,0%,73
bridge betting,0,1,0%,75
ct bid board,0,1,0%,75
how to practice bridge,0,1,0%,77
2 over 1 bridge,0,1,0%,80
contract bridge free play,0,1,0%,80
scoring at duplicate bridge,0,1,0%,80
american standard bridge cheat sheet,0,1,0%,84
bridge sites online,0,1,0%,85
basic bridge bidding,0,1,0%,88
bid simulator game,0,1,0%,89
bidding card,0,1,0%,92
free bridge software,0,1,0%,93
2 over 1 bridge bidding,0,1,0%,95
bridge trainer,0,1,0%,95
acbl app,0,1,0%,101
bridge hand generator online free,0,1,0%,114